Text,Label,Predicted Label
@tiffanylue i know  i was listenin to bad habit earlier and i started freakin at his part =[,empty,surprise
Layin n bed with a headache  ughhhh...waitin on your call...,sadness,
Funeral ceremony...gloomy friday...,sadness,sadness
wants to hang out with friends SOON!,enthusiasm,
"@dannycastillo We want to trade with someone who has Houston tickets, but no one will.",neutral,
Re-pinging @ghostridah14: why didn't you go to prom? BC my bf didn't like my friends,worry,
"I should be sleep, but im not! thinking about an old friend who I want. but he's married now. damn, &amp; he wants me 2! scandalous!",sadness,
Hmmm. http://www.djhero.com/ is down,worry,
@charviray Charlene my love. I miss you,sadness,
@kelcouch I'm sorry  at least it's Friday?,sadness,sadness
cant fall asleep,neutral,
Choked on her retainers,worry,neutral
Ugh! I have to beat this stupid song to get to the next  rude!,sadness,
@BrodyJenner if u watch the hills in london u will realise what tourture it is because were weeks and weeks late  i just watch itonlinelol,sadness,
Got the news,surprise,
The storm is here and the electricity is gone,sadness,sadness
@annarosekerr agreed,love,
So sleepy again and it's not even that late. I fail once again.,sadness,
@PerezHilton lady gaga tweeted about not being impressed by her video leaking just so you know,worry,surprise
How are YOU convinced that I have always wanted you? What signals did I give off...damn I think I just lost another friend,sadness,surprise
@raaaaaaek oh too bad! I hope it gets better. I've been having sleep issues lately too,worry,
"Wondering why I'm awake at 7am,writing a new song,plotting my evil secret plots muahahaha...oh damn it,not secret anymore",fun,
No Topic Maps talks at the Balisage Markup Conference 2009   Program online at http://tr.im/mL6Z (via @bobdc) #topicmaps,neutral,
I ate Something I don't know what it is... Why do I keep Telling things about food,worry,
so tired and i think i'm definitely going to get an ear infection.  going to bed &quot;early&quot; for once.,sadness,
On my way home n having 2 deal w underage girls drinking gin on da bus while talking bout keggers......damn i feel old,worry,
"@IsaacMascote  i'm sorry people are so rude to you, isaac, they should get some manners and know better than to be so lewd!",sadness,
Damm servers still down  i need to hit 80 before all the koxpers pass me,worry,
Fudge.... Just BS'd that whole paper.... So tired.... Ugh I hate school.....  time to sleep!!!!!!!!!!!,sadness,
I HATE CANCER. I HATE IT I HATE IT I HATE IT.,worry,
It is so annoying when she starts typing on her computer in the middle of the night!,hate,anger
@cynthia_123 i cant sleep,neutral,
I missed the bl***y bus!!!!!!!!,neutral,
feels strong contractions but wants to go out.  http://plurk.com/p/wxidk,neutral,sadness
SoCal!  stoked. or maybe not.. tomorrow,neutral,
Screw you @davidbrussee! I only have 3 weeks...,neutral,
@ether_radio yeah :S i feel all funny cause i haven't slept enough  i woke my mum up cause i was singing she's not impressed :S you?,sadness,
I need skott right now,worry,
has work this afternoon,neutral,
@GABBYiSACTiVE Aw you would not unfollow me would you? Then I would cry,neutral,sadness
mmm much better day... so far! it's still quite early. last day of #uds,happiness,
@DavidArchie &lt;3 your gonna be the first  twitter ;) cause your amazing lol. come to canada  would do anything to see you perform,fun,
just picked up her Blackberry from the middle of the street! Both she and it are crushed!,worry,
Why do I have the feeling I should be packing and hitting for SFO around this time of the year? I think I'm missing something...,worry,
@creyes middle school and elem. High schools will remain open for those who need credits to graduate. Cali is broken,empty,
"Bed!!!!!... its time,..... hope i go to school tomorrow, all though i don't feel very well right now",worry,
"@onscrn Ahh.  ... Well, I was hoping that I could learn some stuff on the way. ... Why not you and I work on separate things but also",worry,
I'm having a problem with my photo here in twitter amf!!!...can't see my face!,sadness,
"@jakeboyd, oh noooo!  if i blow a tire you're reaaaally going to have to send up some batman smoke.",neutral,
wnna take a bath!!!!,neutral,
Chocolate milk is so much better through a straw. I lack said straw,neutral,
why am i so tired?,worry,
@djmicdamn hey yu lil fucker i textd yu,empty,
"@Mennard time diff and i've just been wrapped up in day to day stuff so i havent been tweeting. talk soon,must sleep...up in 6hrs",neutral,
@benballer  no way! damn that sucks B!  are you ok?,neutral,
sucks not being able to take days off of work or have the money to take the trip  so sad,worry,sadness
"bed...sorta. today was good, sara has strep thought Angelina does to; i shared a water with her B4 they told me, i will prob get it to",enthusiasm,
@ramtops the recession. her hotel are restructuring how the accounts are done. adds a bit more pressure in the short term but we'll cope,neutral,
@lostluna But I got dibs on Sulu...,neutral,
"@maternitytees Aww  Onward and upwards now, yay! Still sad to leave I bet.",sadness,
@itsgabbith at once haha.  poor aby still gets sore!,worry,
diesel yaris... 70mpg  so sad its not available in the US. That'd be awesome.,sadness,
I want to buy this great album but unfortunately i dont hav enuff funds  its &quot;long time noisy&quot;,sadness,
@Pokinatcha  in all honesty...pain   blech.,sadness,sadness
Ok ... the passengers ... no one is alive ... they're all dead ... you just don't know it til the end ... then you cry ...,sadness,
At home alone with not much to do,neutral,
@DavidCookLove ia so much! i haven't really been happy with any of cooks choices for singles.,worry,
@vincew @stefanyngo  i fell asleep on the beach and didn't put on enough sunscreen  lol,sadness,
So i think my son might have the flu cause I def. just cleaned up a stanky puke mess  Poor pumkpin,worry,sadness
"So great to see Oin &amp; Cynthia.  So happy.  Dinner was great, cute little place.  Too bad Oin got sick afterwards.",happiness,happiness
I cant give @jertronic any bday nudges.,neutral,sadness
...and all woman who transfer their first impressions (sexual/maternal) onto a less 'threatening' man -- are themselves as weak as 'Him',worry,
Brothers Bloom won't be opening this weekend in El Paso.  I'll just buy Brick and enjoy that until I can watch Brothers Bloom.,neutral,neutral
says I miss plurking.  http://plurk.com/p/wxion,neutral,sadness
"Bitten to blood by my cat, on my way for a rabies bacterin. Seems 7 shots for 2 months. Never wash my cats at home again, they hate water",worry,
I miss Voobys!,neutral,sadness
@Dancing_Monk Neither are ELP!!,neutral,surprise
"@havingmysay  dude, that is my favorite sandwich place ever. ummm did you take PICTURES?",happiness,surprise
is sad that shin ae got married...and it wasn't to alex,worry,sadness
"@shondarhimes Sure you will tweet about this when you're back, but news is abuzz about TR Knight's leaving &quot;confirmed&quot; today.  Muy triste.",worry,surprise
@RachelLock22 ohh thursday i have exams.. all day  what about wednesday ?,sadness,
there was a mix up with my dentist appt this afternoon. so they rescheduled me for tomorrow @ 9am.,neutral,
"@gcrush @nopantsdance i was just thinking about how excited i am for you guys to move, but then i realized how sad i am to see you go.",sadness,sadness
"goooood mooorning people... sun is out.. definitly spring now, we had our first spring hail storm, my car has dimples now..",worry,
@artfuldodga I love those 'it'sakey' USB sticks. We only have the 4GB in Australia,sadness,happiness
fresh prince and sleepy sleeps my nightly routine  gotta go to Dmv early tmrw,worry,
dammit! hulu desktop has totally screwed up my ability to talk to a particular port on one of our dev servers. so i can't watch and code,hate,surprise
@emmarler i am jealous of your mom talking to @taylorswift13. i want to see you all our twittering is making me miss you,worry,
I can't sleep...I keep thinking about the puppy I played with today,worry,
.. I'm suppposed to be sleep. But i got some much to do. &amp; i got that one part of the song stuck in my head &quot;your a jerk (iknow)&quot;  blaahh,worry,
@lepetitagneau what's going on sweetheart?,neutral,surprise
"How can it be so freaking difficult to get a system-wide spellchecker? Shit, I'd settle for an office suite one. Stupid unhelpful Windows",neutral,
"Last one month due to summer, strawberry is not availble in the Chennai markets!",worry,
@willxxmobb work at 6am. Gotta go to bed soon,neutral,neutral
@RobertF3 correct! I ADORE him. I just plucked him up and put him under my arm cuz he was cryin.  All better now! Hahaha,love,
@sweeetnspicy hiii im on my ipod...i cant fall asleep,sadness,
dont wanna work 11-830 tomorrow  but i get paid,sadness,
feels sad coz i wasnt able to play with the guys!!!  http://plurk.com/p/wxiux,sadness,
PrinceCharming,neutral,
@ cayogial i wanted to come to BZ this summer :/ not so sure anymore... a teacher's life in the summer SUCKS,hate,
First ever dropped call on my mobile. On a call to @Telstra no less! ( being charged for data even though I have a data pack  ),worry,
@mrgenius23 You win ... SIGH Rakeem,hate,surprise
Oh is that time for real?,neutral,
Darn these allergies! I don't like this time of year because of this! I never used to have this problem either,sadness,
Oh no one minute too late! Oh well,worry,surprise
"@soviet_star Damn, that sucks",hate,
@cayogial i wanted to come to BZ this summer :/ not so sure anymore... a teacher's life in the summer SUCKS,sadness,
@mileycyrus THIS WEBSITE GAVE ME A VIRUS! When i opened it more windows kept POPPING up,hate,
ahh! big scary bug flying around my room!!!!!,worry,
"I wish she knew what she puts me through..She stole my heart, never gave it back..and occasionally she likes to be like look what I have!",sadness,
is up with a nasty cough i cant be sick i have a huge weekend ahead of me,worry,
@justamedicine  That was stone cold   Crazy....  ?,neutral,
i'm so tired,boredom,
shift time  bbye biochem waaaaahhhhhh!! http://plurk.com/p/wxizo,neutral,
@melbournegirl I'm sure some1 will cum out and play. I'm workin through til midnight.,neutral,
@thecreativeone I second that. I wish it rained more where I am,neutral,
@neesabear early happy day of birth in case I don't make it! Very tired from therapy today n just taking my medicine!  misshu! Love ya!,sadness,
damn it were is Eric or anyone else when you need your hair to be played with,neutral,neutral
I'm feel deflated. Ugh. No more dog.,neutral,
Allergies suck ducks nuts.     &lt;=====8@8=====&gt;,sadness,
Well it almost was a good day... Guess I just retry tomorrow,neutral,
@IamYeTe Waraku is tasteless and expensive! Portion is so little!!!!!  re: waraku,hate,
@freepbx sounds good. Appreciate the suggestion. Been a week now and we're still offline  Time to ask for a refund...,love,
"@poinktoinkdoink He died.  Wait, what about Magic Jack? I just read it.",worry,
@britblackbird  youstinkatrespondingtotexts!,hate,neutral
wonders why her Karma points turned into 0.00.  http://plurk.com/p/wxj54,sadness,
"Need to pack for CALI CALI! Cannot waittt! Thinking a glass of wine is in order to celebrate my weekend vaca. Still work 2morrow, tho.",happiness,sadness
Is miserable  i feel like im gona cry  sux!,sadness,
@megturney well I ran out of beer so I left. Not sure about the ETA. Waiting waiting waiting. Bleh  Gonna be a long nite methinks.,neutral,
$#@! My nose stud fell out and I can't find it  Looks like I'll have to head into Amsterdam today and get a new one,worry,
"claire @breakfastnt love the show, got into the office @ 5am and no radio",neutral,
Pats in philly at 2 am. I love it. Mmm cheesesteak.  Miss my boyfriend   but I love vacation.,love,happiness
*sigh* I'm going to bed... I just don't feel right anymore...,sadness,sadness
What? I focused on Tom so much I didn't see my beloved Barack! Oh no! I must vote for both! Poor president only has 626 votes.,neutral,
@jwillock EpiCentre Wheelock Place - tourists only..,neutral,
Now I am depressed after watching so you think you can dance,sadness,
"Just cross 'cause I'm stuck twiddling my thumbs now, ugh",sadness,
miss 16'th,neutral,sadness
"@TheHarvardian I know. But like I said, I have no idea how long it takes for them to investigate this stuff.",neutral,
"I cant sleep, but im too sore to move",worry,
@LaFloozita http://twitpic.com/4phze - Awe! I miss my baby,neutral,sadness
@softtouchme just answered you- never learned how to write in French- just basic stuff-,empty,
what is it with chocolates? i just can never say no,neutral,
Achieving a new appreciation on how a xml build script can really be painful and cumbersome,worry,
@ether_radio i'm too awake now  ill have a nap this afternoon,neutral,
@omfgiselle i cant do anything,worry,
still needs another 6 hours of sleep,neutral,
I'm at work,relief,
RIP leonardo. You were a great mini fiddler crab,fun,
"Morning tweeple,way to early again",neutral,
"Last day working for the Uni today, sad times",sadness,
"@NisforNeemah thanks neemah. I'm gonna be soooo close to you and izzy, yet so far",love,
My head hurts so bad I could scream!,worry,
i just go up and IM SO TIRED and my airmatras is broken somewhere and now im in even more pain,worry,sadness
New work wellness challenge not going well.  I committed to not check email between 10 pm and 6 am.  Failed on first day.  Twice,worry,
New blog post: [Blog] auto insuran...: I just found that my auto insurance policy had been expired. ( I am too careless  ...) .. Meanw ...,worry,surprise
"where are all ma bestfriends at ? , MIA or wat ?",neutral,
oh men!!!!!!......I really can't see my face........c'mon guys!!!,worry,
"I'm showing my age. Renewed my tags last week, went down $20. Got my insurance renewal email today, went down $100. I don't wanna be old",worry,
my sole supporter is not my sole supporter,worry,
don't you hate it when you finish all your work and there's still 1.25 hours left of work time,hate,
@Emilyyy16 urgh stop it guys,worry,
is still missing her husband.    I really want him home.,sadness,
I miss my puppy,sadness,
"2 days of this month left, and I only have 400MB left on my onpeak downloads.",surprise,
@IdleThumbs Up is out?  I didn't get the memo   It looks amazing.,fun,
@nzdeany I've given up on pizza - kids would never let me have my fav  (the hot ones),sadness,
Up reading tabloids about other people's lives...thinking what I'm gonna do with mine when my baby leaves?,worry,
@BarbSchaefer yearling in pet home died... very sad for their whole family,sadness,
fun in the sun hmmm hell no it's cold,neutral,
I got a giant splinter stuck up underneath my finger nail today at Muppets...it hurt.  But I got to go to First Aid for the first time!,worry,
"@heresmyhello92 We hate change, so of course. We're fans for life. &lt;3 Oh and if we haven't met Rob by then something went horribly wrong.",sadness,
is feeling sad... for some reason..  http://plurk.com/p/wxji3,worry,
well fuck- this new pain med has an odd warning that actually applies to me. i can't take this. -chan is displeased.,sadness,anger
just uploaded my new blog... a painful story about an 80s year old man who cried because he wanted to die... very sad,sadness,
@juneyee i don't think so.  I WANT DETAILS.,neutral,sadness
@jackgraycnn Hi...!!! Who is Mary Poppins???,neutral,
"@jaychuck Its so addicting, but its kind of a curse to do them at night time. Everytime i do one, i feel like making music afterwards",worry,
my last tweet didn't send  bad phone,neutral,
@relly1  OMG Ur alive!!! LOL  2day has gone sooo slow  I'm going insane Grrr You doing anything tonight?,fun,
Have a headache  I'm going to bed. Goodnight!,empty,
@taxidermi  I was watching Parental Control,neutral,
"@JessiJaeJoplin did you get them from california vintage? ahahah they have the BEST dresses, i want them but i dont have ebay",fun,surprise
I just saw pics from this past Thanksgiving and am sad because Grandma was in them.,sadness,
@jertronic it wont let me,worry,
Took a shift tomorrow.    I don't really feel like working right now.,sadness,
but now i have no money for a phone,sadness,
Spent last night in A&amp;E (ER). Wife tangled wheels with Daughter &amp; hit the deck. Dislocation &amp; fracture resulted.,worry,
@TheLastDoctor 9 days  I'm about ready to visit Torchwood and see if they've heard anything,worry,
@Bern_morley where are you? In Bris? I can't hear any thunder,surprise,
"bec vs fat food   --- winner = fat food  but not this weeknend, ill beat it!",surprise,
Too bad the Red Devils.. disappointing to say the least,sadness,
I had a dream about a pretty pretty beach and there was no beach when I woke up,surprise,surprise
"@xdjio Have a 3ware 9650SE, not fast enough for 3x X25-M SSD RAID5. 800Mhz IOP on the HPT. Might try an Adaptec 5405 (1.2Ghz).",sadness,
when da heck will the garage man get here I ask you.. WHEN..,surprise,
"Ate Mandy, please forgive me. I really am sorry. I don't wanna lose my Bff",worry,sadness
@melluffsyew Umm yeah. That's probably a pretty good note to self because eeeeeewwwwwwww.,hate,
why are plane tickets so expensive,worry,
(@wendyisastar) @melluffsyew Umm yeah. That's probably a pretty good note to self because eeeeeewwwwwwww.,fun,
Needs a job BADLY!!!,worry,
@AlexanderGWhite daaammmnnnnn I do wish I was there.,sadness,
Went to Di Bella coffee roasters today and asked for a job...   The person I needed to speak to is on holiday...  #fb,worry,
@yuki_hime I played up until the latter parts of the voodoo village part co-op until I lost my usual partner,sadness,
@DymeDiva23 Nite. Now I'm up n bored as opposed to almost sleep frm b 4,empty,sadness
is a bad friend,sadness,
@rlcpbiatch happy birthdayyy! hope you have an awesome day. didn't see you at next last night!,neutral,
@SparkDawgMusic im doing that shit right now ... im on vacation and you got me workin,hate,
@aiderushton ill be over in an oir,neutral,
@only1kcj guess its a no go girlie. I'm still at the gym and work at 6:30am,neutral,
would wish the severe migrains would stop!!! doc's prescriptions arent working,hate,sadness
@bobbyedner i missed the game,love,
"@moggy99 No internet last night; ER was brill, there was a massive explosion at the end of a nearby gas works ER on standby",sadness,
@tiffalo cuz airlines are super lame.,hate,
@lenje - Still a pity it comes with no lamb though,sadness,
@bloomsday16  I'm sorry to hear that. Here is my optimist: Things will get better. For all of us.,sadness,
"is done painting all the bedroom furniture, I still have to do the table but it will wait until after the move. Uggh moving in the heat",relief,
I'm so very tired...and have insomnia.,hate,
@juiceegapeach A hungry fool. Ill probably never see that Krispy Kreme again. Had to enjoy it. They closing down,neutral,
@yelgiuQnayR airport? and you didnt show up tonight homo!,neutral,surprise
"I hate Bakersfield and I hate the Ports, let me go home already.  I want to start my vacation.",hate,
@MrRathbone what about me,neutral,
"Looking for desktop twitter app that will actually let you access URLs, any suggestions? I liked Twittle but no linking",neutral,
people in my house do not know how to close doors,worry,
Why am I completing facebook quizzes at this time of the morning... especially a friday morning,surprise,
out with @lizzziemonster &amp; @jamiejamess i am soooo hungry,neutral,
@munchkinhugs I don't like the possibility of the left side of my brain hurting because of the thing called a VP shunt and possible death,worry,
Had to cancel wow for now,sadness,
wants to make a music profile but i don't have money i don't know how to write music i don't know how to play an instrument and no studio,worry,
@fairyfroggie But yeah...I'm sad about my &quot;Ravenclaw&quot; account. I love that account to bits.,sadness,
"It's 1:15 AM, and I hear a helicopter flying over my house. That's kind of weird. In other news, my headache is back. BOOOOO.",worry,
@__sugar oh no  i am always here ;) &lt;3,worry,
back from school. Ms Suhana's last day as our FT  OCU was okay. I'm playing ALTNOY over and over again.,neutral,sadness
@ poll : was trying to get it to work in a powerpoint to no avail.,neutral,
"took a math test today. The day before the test, the teacher says bring your calculator. Luke was confident. Teacher decided no calcs.",happiness,
"omg, the concert was awesome, madrigals gave me chills on almost every piece...brooks also called up alumni, but i didnt get to go",happiness,
"@livestrongnj yeah, it's terrible  cockatoos are the hardest to live with, so emotional. good thing he found you, though!!",neutral,
Up late with nothin 2 do.....,sadness,
i think the vog is making me sicker than i think. feeling slightly achy,worry,sadness
"@TheTombert i was watching Harpers Island, lol... there was no vodka involved",empty,
i am doing homework it sux big time maths is the worst!!!!!!,worry,
"@Nymo would have been better, IMO, if it let you play through all 3 songs provided. I just start to &quot;get it&quot; and it blacks out.",neutral,
#3wordsaftersex it never started...,neutral,
sometimes i wish things could go back to the way they were the beginning of last summer,sadness,
"I downloaded the new twitterfon update thinking they were fixing the typing problem for new tweets, but no, they didn't",worry,
@tarng Trudy's off Burnet...the one up north that no one goes to,empty,
"@kateisbored I feel the same way, but I guess no matter where you are there will always be memes.",sadness,sadness
"I Can`t do 30 minutes of Treadmill  but done 30 minutes for today already, gonna do 20 minutes more",happiness,
i'm sooooooooooooo confused,worry,fear
"With friends like VaikO,Nedumaran, LTTE didn't need enemies. Wrong advice at wrong time led to numerous deaths &amp; a lost cause as well",neutral,sadness
"Work day 7 of 7,",worry,
Chillin with the roomies. Can't wait for the zombie CLWN CR. Its gonna be 6-8 weeks,happiness,
"I looove guitars, and playing them. I think they sound magnificent. If only i was better... If only",neutral,
"@SuperJerry No refunds but they do retrieve accounts, takes like a week. Just hoping the thief doesn't use hacks or then it's permaban",worry,
@mysticnz no im not  cries LOL,neutral,
Cute Malay girl came to seemy room for rent - sadly think it was for her guyfreind   bit misleading and disappointing LOL,sadness,
"@Gurlstrange EpiCentre Wheelock Place, 250 units &amp; for tourists only. Starting today",surprise,
I hate the new mt dew commercial..the one with a giant mosquito..it scares me and grosses me out all at the same time.,hate,
Come on Knight... It's been well over 4 hours,neutral,
not super keen on the drive home through the rain.. additional concentration required that i don't really wanna deal with,worry,
@FoxxFiles aw u can't let me in on the secret!,surprise,
"@freshypanda Im sorry  I don't think I stick out, at least compared to what I used to look like.",surprise,
"no transport for church  wont be making it, im crushed. Oh well, more time for assignments I suppose. My throat really hurts ...",worry,sadness
"i HATE when i see pregnant women smokinggg!!!! its sooo irresponsible n selfish! its saaad. ultimately, the baby is the one who suffers.",hate,
Lies...lies...lies....you just cant avoid to lie about practically...EVERYTHING!,hate,
twittascope is NOT rocking my socks - go away already!!,neutral,
Driving Back home because I forgot the piece of cake for @v_era,neutral,sadness
@seemouserun so I tried jumping without the trampoline and its like thud* thud*  shouldn't have eaten that cookie.  http://myloc.me/1XIz,worry,sadness
"Everytime I send an email to my coach, I feel a need to practice.   shitty balls.  Lol",sadness,
It's pissing me off and not letting me follow ericka,sadness,sadness
Is going to sleep not peaceful  wanted to hear him say Good Night but that didn't happen  Good Night everyone....,sadness,
my mums trying to make me feel ebtter about stopping voting adn not winning shortstack. i almost cried.,sadness,
@koifusionpdx i was so close to the tacos...one spot too late,neutral,surprise
@msz_rockstar umm how bout em?..aint get 2 see da game  but i see dey survived anotha game of da series due to notin but Lebron im guessin,empty,
is thinking so much and i'm at work,surprise,
I have forgot the live with the Jonas Brothers on Facebook,worry,
I haven't seen Muffin in two whole days!,sadness,
@YumiFujii i'll miss y'all back... give @LesleyBoudy my regards...,sadness,
my gap year is going so quick,surprise,
"I have to admit, I'm a bit bummed out that I wasn't with my friends walking today....",worry,sadness
@jennyvokals girl a blunt is soooooooo in my thoughts right now. I had an absolutly GREAT day with a few stressors...come home,neutral,
my twitter has been hacked again,worry,
Just found mj mouse flats at DJs. Of course there are none left in my size,sadness,
@passingcarss i wont have time to buy  and i need a new binder pa,neutral,
@lanacaitlin  hahaha well its try its so ugly,hate,
25-man Ulduar is hard...,neutral,
"@jmoriarty I don't even want to know WHY you know about VHEMT, but don't go - we'd miss you",worry,
@OooChelcyooO That's awesome! We have that this weekend too but I can't go because I'm moving this Sat.  I should be a lot of fun though,fun,
night night twitter world. [still cant believe the thomas thing  tomorrow's gunna be FUN/SAD],neutral,sadness
@princess_oats this is happening to me too,neutral,
@qi_tah oh no.  *hugs*,surprise,surprise
"@oxygen8705 bored now because i was talking to someone but now they're busy with something else  just kinda a bummer, idk",neutral,
@xoshayzers i knoww  things won't be the samee &lt;/3,sadness,
"OMG-ness it's 11:18 pm and I need to beup early to set up my garage sale it starts a 8am, wish I said 9am. I'm beat.",worry,
@vinylvickxen i kno i doooo!!!!!!!!!! yall partyin with out me,happiness,
"Okay, so twitter suddenly changed, how do I respond to messages now",worry,
ugh.. my dad just told me to read an article about Kavya Shivashankar the spellin bee girl..and be more like her.,neutral,
Decided that no matter how good my hair looks curly it doesn't justify the burn I get from the curler! My hands covered  I suck at it!,worry,
Going to sleep. Gonna fall asleep playing apps again. Tmrw is going to suck,sadness,
@ThaBillCollecta  YEA     I GOTTA BE UP AT 7:30,neutral,
I hate when my bf beats da dogs. But I guess that the only way to teach these pitts.,hate,
sprained my ankle  like really badly and tore some stuffs. it hurts! and its my birthday weekend,worry,
I can't believe the Metal Gear Solid song was stolen    I'm so disappointed  http://bit.ly/YKkSu,sadness,
think i may have broke a toe at the bar tonight......thanks drunk girl for steppin all over me!!!!!,hate,surprise
"Not one sale done today at work. Explored balconies in the big theater w coworkers. A fun day, but void of chili fries and tips",neutral,
@MacZombieRawr  I wish I had Left 4 Dead. But first I'd need something to play it on...,sadness,
@sillybabyjulie me too,neutral,
@digenis that story reminds of living in Portugal,neutral,
"@jhicks  youre diabetic?   so is my dad.  &amp; i might be too, not sure.  are you still allowed to eat sugar throughout the day?",neutral,
I spilled my beer all over my leg. Wasted half my beer.  Home now. I met a cute girl. Good conversation.,happiness,
my roommate @tess_tickle loves to ignore me,hate,
@SuperFiasco  I'll make him nachos tomorrow. Better than if he would have made them himself.,neutral,
@MyDailyRoutine yeahhh. &amp;dont judge my pillow,neutral,
"Scary lightning and thunder  I'm glad it's over now. Going to sleep, I hope I'm not late to school tomorow again. Haha",relief,
my teeth and head hurts,sadness,
I HATE rob zombie movies. &amp; the smell of weed. Vommmm.,sadness,
"@jcwentz Maths and Science were the strongest for me i think..dunno bout geography, only did like 1 day of study for 1/2 a year of work!",hate,
Waiting in line @ tryst,boredom,neutral
Hope I get a job cuz we need an apartment. I'm drunk &amp; miss my lil punkin  TEHE!!!,worry,
just got home! not wanting to read the last chaper of breaking dawn cause i dont want it to beover,worry,
I need to be held...  Gnite.,worry,
"Hanging out with sam, billy, and veronica. not going to school tomorrow to take sam to body shops. Dang car accidents",worry,sadness
no more arrested development. i am sad.,sadness,sadness
"@Giggles_xo  wicked , what time you leaving? how come you cant stay the night",neutral,sadness
omg i keep losing followers this is so sad  i want 90 one day....thats my goal ;D,sadness,
I feel so deflated. No more doggy.,sadness,
@blood_rain i wanna see her hair  hows everyone?,worry,
"I just had to empty my trash on the mac. that was one of THE MOST DIFFICULT things I have ever done in my life. 8,000 pictures are GONE.",sadness,
im contacting PAWS Philippines so i can find &quot;tiger&quot; a new owner. im so sad. i love my dog soo much,sadness,
just got home! not wanting to read the last chaper of breaking dawn cause i dont want it to be over,sadness,
Aww...  Pray for the arroyo family everyone!,worry,
@the_babsi there's a manual process... but it's taking 4ever on my outlook database... pffff. crappy msft product,neutral,
Fuuudge. Movie store is closed,sadness,sadness
ALO is so sad and quiet and empty tonight,sadness,sadness
"@meganmansyn Hahahaha! It's not horrible, if others were singing with I'm sure it could work. I wish I could afford my own drum set",hate,fear
@wuzzyangel You never answered your DM I sent you....   I need your info...,worry,
Am trying to get through the pilot of the first season of friday night lights. Oh gosh  Pass the tissue...,worry,
@Mona26 Aw where are you headed to? i just cancelled my trip to Aussie,sadness,
I have cystic lacrimal infectection?? my eye and face are swollen and it hurts!!,worry,
@jose3030 I didn't think anyone caught that,worry,
I need to be sleeping.. But i'm not even tired..,empty,
0,empty,
OH NEVERMIND I THINK THIS THING IS UNSALVAGEABLE,neutral,
"lyin in bed, up faaaaar too early",neutral,surprise
Sad that Christian Lacroix had to file bankruptcy,sadness,
I dont feel good AT ALL. fuckkk,sadness,
why did i agree to work a double shift,boredom,
looks like i'll never go to the zoo,worry,sadness
@djvinceadams Ohh poor girl  I'll email her... I am relying on you being here in October Mr!!,worry,
When will Medhurst play again?,neutral,
@Moss1982 bad times?,worry,
aarrgghh - fu*k.....a hose has leaked water all over the new floating floor,hate,
Have to go to the dreaded DMV tomorrow,sadness,fear
@duncm I'm a bit Ben's Thai-ed out,neutral,surprise
english class! working on interactive orals,happiness,
@SharonHayes Thank you for the rec but that doesn't work,worry,
@dmoneymania  I'm sorry. Excited for tomorrow night? Karaoke!! Getting anything special for bday?,neutral,sadness
My puppy Gizmo h8s me..  haha. He still growls @ me.  I always look back @ my long pruple scar on my fingie,worry,
I don't know how ima work out tomorrow wit my body dis sore  ugh,worry,
in 7-11  w/o you,neutral,
"@becjee Yeah, plus it's just a little too far to walk to Pinocchio's for sushi",neutral,
I'm feeling this pressure in my head that always kicks in just before a nasty headache. I'm not looking forward to this.,worry,
Taylor Swift and Joe Jonas looked really good together. I'm kinda sad they broke up.,sadness,sadness
I'm suppose to turn in a sentence outline for my research paper within the hour online but my neck hurts.,worry,
"Lady across the way had a miscarriage, say a prayer",worry,
God I just want to sleep.,sadness,
@ksutt11 ohhhh thunderstorms...boo  why do they always have to make the power go out??,hate,
I feel so deflated. No more doggy.,worry,
Found my book. Starting a real paper-bound journal tonight. Have an annoying zit above my lip. Makes me look like I have herpes,sadness,
"RATT ROCKED NASHVILLE TONITE..ONE THING SUCKED, NO ENCORE!  LIKE IN THE 80'S THEY STILL HAVE A FUN SHOW. PEARCY HAS THAT HOTT BAD BOY LOOK",hate,
is feeling bad  just got bad news about my Mum,worry,
@RealBlackWidow But but I dun wanna,sadness,sadness
@imjustlalayone damn girl I'm so down but ya gotta let me know so I can get my kit together &amp; I got a flyer  Any next weekend? I&quot;M DOWN!,sadness,
"@JustinOdom dbl booooooo for being sick, flippin blows! ... bahaha i kno i dont have many friends on here either. i feel so lame  haha",sadness,
@brettyrocks thats what i was thinking but the only time it's gonna be on is 1 am!,neutral,
"Peeps still here. Fun times. Gotta sleep tho. Work in the A.M. Some cool, hot chicks here. But none as cool as ____________. Missing her",neutral,
don't feel like working  I think I tweet this too often!,worry,
feels sick to my stomach and idkk whyy,sadness,
vineri...nimic special sau probabil un alt weekend pierdut...,worry,
Counting the hours of lost sunshine until the Weekend,neutral,
@justintevya - dude i just saw your SF pics. looks like your mini excursion was pretty kick ass! didn't see any sun while i was there tho,surprise,
is home.  safely... but hungry,relief,
"@hello_jodie Um, I was thrown from @JareWolf's van yesterday and had to be taken to the ER",sadness,
"got to final table, but....went out third.  Don't think I'll be getting my free seat",worry,
good morning work this morning gutted lol nevermind,neutral,
I have to work in the morning while my friends get to party it up.....stupid bberry lite flashing red and I have no messages!,hate,sadness
FB is boring   and i wanna sing RIGHT NOW..! *-*,happiness,
@judyrey  The link doesn't work,sadness,
@Deedubau hahaha I don't know anyone or anything about it except they have powers lol... I live in my own bubble,neutral,
The humpalow um ya I think so... Cell is dying,worry,
Last day at work...Sick to the bone,worry,
i feel like I'm on house arrest.,worry,sadness
"love is like a war,,easy to begin, hard to end..fiuuhh...",neutral,
@heavenjones ur supposed to be in BK tho,surprise,
@cosmiclagoon Did you know that there is a shortage of shells for crabs to use on the beach due to beach combers? It is very sad,worry,
Oh no!  Nighty night.,surprise,
@celldweller Must... have... new music... I won't sleep until you give us Chapter 1... I might die first though...  Hurry!,happiness,
my stupid tooooth hurts,sadness,
@neyoofficial: love the song &quot;together&quot;. that's &quot;his&quot; song for me...well i think it's still is,love,
Ready To Go @ School,neutral,
@turnitgrey my computers broken and I broke my laptop so I had to use the phone  ahh still on he cause they fucked up my order.,sadness,
@Richard_Gable It's good isn't it! Our holiday chalet is out of sight but look v similar to those ones. Going home again today,neutral,
It's a sad economy. Just heard of another friend losing their job.  so sad. But just a reminder that...,worry,
@jarekpastor I'm just starting to feel really panicky and anxious that something bad has happened cos it seems like it's been ages,worry,
my dog ran awayyy,worry,
@all_is_one84 Those suck so bad.,hate,
"I'm back. top molar extracted  swollen face, all numb.  But no more toothache or sinus pain.",worry,
"just finished 8 hours of Texas Life Insurance CE tonight, 22 more hours to go",relief,
does anyone know any good rap songs? i need to make a rap/fun cd and i have no idea  helllllpppp,worry,surprise
I want to go to Peru this summer ahhhhhhh! Hopefully! Yesyesyes! I miss it over there!!!,love,sadness
@exortabreedoll what happen to the maids of yours? Quit once again? ...,empty,
I'm awake. Anybody else awake? Wish I lived in the US since all the fun happens when I'm asleep!,sadness,
At Charle's with the power out. LOL! Damn SaveMart lost power and we could not buy beer.,hate,
@Penguin_J heehee. i love you! i am tired.,sadness,
my mobile phone refuses to charge!!  either the battery is broken or the chargerrr ( booooo,worry,
@Kirsten613 oh how i wish you would get her to sign something then send it to me or let me call you when you meet or something,worry,
"@kimberly625 hmmm, I thought u were sleeping!! Too bad I can't see those videos until tomorrow night.",worry,
"Morning everyone sorry for going early last night had bad news, felt totally crap   Today is a new day",sadness,
went to the beach and it started raining,empty,
"how I wish my parents put me into a Chinese school when I was younger. Then, it'll be so much easier for me to get a job...",sadness,
"@AnthonyLucas @iainfunnell Yeah, physically moving too!  Apparently we'll be reporting directly to Mr. Hayward...",relief,
@nayRyelgiuQ airport? and you didnt show up tonight homo!,neutral,surprise
@charloro jealous  it looks like schindler's list in toronto,worry,
I want another tatt,enthusiasm,
@avalonabsinthe what?! Come as you are!!! But erock just left  bah D:,neutral,
"So, I need to make a lot of money tomorrow",enthusiasm,
@joiskol  being in your room makes me sad.,sadness,sadness
"Nearly fell asleep, but was jolted out of bed by a massive panic attack and now I'm not sure if I can sleep at all.",worry,
for the gays i only made 200 tonight,neutral,
@CocktailChic oh f*ck! I completely forgot about Thirsty Thursday! oh. my. gaga. this sucks,sadness,
"if one people did any wrong, the world blames all the people over there, this is the great world which we are living in!  Shit!",sadness,
@MandyAlwaysKnws nope.  they are all sleeping cuz they live on the east coast.,surprise,neutral
"@dravenreborn I bet its cool down in SR, huh? It's not here. I haven't stopped sweating since noon when dad and I were packing",neutral,
@meljachin: eww. dislike,sadness,sadness
Tactical mistake: going to the city library and buying milk. Who knew? OUCH OUCH OUCH. Maybe a good thing I didn't try for uni.,worry,
decided 2 trans frm relaxed 2 natural hair but i wish my whole head looked like my roots.  Age of the instant gratification....,neutral,
"@SuzyDunkley sorry bout the cat,",sadness,
needs to have an increase on her salary  http://plurk.com/p/wxluu,neutral,
my stomach feels like it's touching the ground..i'm SO full,worry,surprise
Pug just woke me from an incredible sleep!,love,surprise
@ddlovato i can`t wait to hear your new album. i`m sure will be amazing.please just replay to me  i love you so much!!!!,love,happiness
Sooo much work so little time,worry,
missed iron chef,sadness,
@thevowel the DS version sucks,sadness,sadness
what a bad day,sadness,
@lilxamyx08 i know ridiculous! we never got to hang out  i love chicago and want to go shopping... so a trip sounds like fun,enthusiasm,
hates the net. ayaw bumukas ng twitter.  http://plurk.com/p/wxlxs,hate,
"Ugh, my internet was down!",worry,
omg i didnt tweet all that much today.... *sadness*,surprise,
is feeling so giddy and wanna go home.,worry,
the week just wasnt the same without an adam lambert performance!!!,neutral,surprise
@rockingjude The link doesn't work,neutral,sadness
Up and packing. Its the last day of youth camp,worry,
"GOSSIP GIRL, WHEN ARE YOU COMING BACK  ! chaceeeeeee..",neutral,
Smh @ hiphop nursery rhymes,neutral,
Somebody please save the polar bears!,worry,anger
@PandaMayhem noooooooooooo i just look at a lot of pictures   lol lol,happiness,
@CrazyBallerina Not really sleepy ...bored is the right word ... again not much work,surprise,
It has come to my attention from a 16yo friend that I've recently gained a TON of weight. He didn't know it was me.,worry,
guess im staying home tonight...no movie-ing for me,worry,
went to the cd store to search for the cd. But,sadness,
@BuzzEdition reminds me of the weather a month ago it was horrible  I hope all is well hugs,worry,fear
I miss my mom..  &quot;May angels lead you in&quot;,sadness,
there's really no android twitter app of Tweetie's calibre,love,
on jacksonville beach walking in the cold Ass water   but have to work in the morning   ily &lt;('-')&gt;,hate,sadness
"@taylor_d No, it's not...",neutral,
@chocolovere i feel the same way every day,sadness,
Can't sleep. Sucks. The one day i have to sleep in and i have to get up and go shopping with mom. Ugh.,sadness,
@crunchmonkey78 well i just got home and its not on till tmw at 530p but with comcast its on right now  but i didnt miss it,neutral,
Sleppytime. Really missing my godfather right now. Love you Wayne,sadness,
So have a headache right now and it sucks,sadness,sadness
@JayDz hope ya sleepin well  guys still here,worry,
"i should be finished.... but i'm not.  color drawing, here i come.",fun,
"@jwray12 Lakers, baby Lakers!! I'll miss the game tmwr. I have to work  you'll have to keep me posted please",sadness,
"comfort food of the day: pan mee. though, it didnt taste any good..",sadness,
damn being drunk and hot sucks,worry,
misses my baby.,sadness,
is not sleeping because he has paperwork to do.,worry,
Showered in ice-cold water. Sweating now. Means one thing: I'm sick,worry,disgust
"midnight cry.. wish the person I wanted, wanted me right now",worry,
@mousebudden I'ma need you to follow me real quick cause I can't DM you,neutral,
I'm poorly and can't sleep,sadness,
Went to pole class. Feeling discouraged. I am hopeless when it cones to dancing or sexy moves or spreading my legs.,worry,
"@RoasterBoy And these poor, unfortunate souls don't appear to have any pants at all...  ? http://blip.fm/~78qvz",worry,sadness
@damohopo @StephanieEllen If I told you how often I wash my hair you would never speak to me again,worry,
"Looks like another sleepless night dedicated to homework. Sorry in advance, Ms. Chapman.",worry,sadness
@jessicaduncan http://twitpic.com/662vk -  WHY DO U LOT MOCK ME!!!,worry,
didnt say goodnight to you,worry,
@abguerraartist  I am not a pussy! damnit!  [sending you an e-mail right now btw],hate,
has work tom.,sadness,
In the Hongkong International Airport. Has to wait for 3-4 hours for our next flight to Cebu.,neutral,neutral
Can't sleep and nothings on tv!!,neutral,sadness
"The pics I just uploaded are the baby pics of my cats. Missy is now an adult and a pretty little kitty, but Batty is in kitten heaven now",love,
@KallieT oh ... you've been superseeded?  not good enough,neutral,surprise
today we say goodbye to the second good friend in a week from dmp  but at least the sun is shinning and I'm definately NOT working this pm,sadness,sadness
fuckin'm transtelecom,anger,anger
"is really, really bored... I guess I will go to bed",boredom,
@Syo_of_the_dead I met a stranger just 10 min ago. He was stalking me at the store,worry,
@ModelTheany  tee we beefin....what was u supposed to do before leavin????,surprise,
Sometimes the things you say hurt the ones you love most unintentionally.  And you can never ever take it back or fix it.,sadness,
